TextCluster_cluster_,TextCluster_SVD1,TextCluster_SVD2,TextCluster_SVD3,TextCluster_SVD4,TextCluster_SVD5,TextCluster_SVD6,TextCluster_SVD7,TextCluster_SVD8,TextCluster_SVD9,TextCluster_SVD10,TextTopic_1,TextTopic_2,TextTopic_3,TextTopic_4,TextTopic_5,TextTopic_6,TextTopic_7,TextTopic_8,TextTopic_9,TextTopic_10
$19,0.528346393,-0.151209916,0.29663058,-0.220562183,0.402653231,-0.133465308,0.04908727,-0.088111627,0.0010678,-0.08066233,0,0,0,0,0,0,0,0,0,1
$12,0.436513752,-0.098231999,0.231150034,-0.120271305,0.401090788,-0.162216244,0.068792115,-0.013753484,0.04449369,-0.073800745,0,1,0,0,0,0,0,0,0,0
$9,0.358151533,-0.053070119,0.169575741,-0.143069515,0.313206637,-0.124065999,0.03236435,0.007544329,-0.004665286,-0.005785432,0,0,0,0,0,0,1,0,0,1
$16,0.331521919,-0.015965966,0.135975618,-0.166080642,0.242698654,-0.104254258,0.028985855,-0.005070996,0.004668527,-0.034711723,0,0,0,0,0,0,0,0,0,1
$10,0.714479724,-0.118171692,0.188030992,0.268319473,0.134597055,-0.029046477,-0.131390977,-0.048243326,0.213584282,0.104752425,0,0,0,0,0,0,0,0,0,0
$15,0.35716867,-0.10767859,0.11124319,0.110377739,-0.058486558,0.066650076,-0.250363826,-0.114724388,0.057963063,0.091476054,0,0,0,0,0,0,0,1,0,0
$15,0.523847345,-0.133696048,0.109555164,0.214337935,-0.01075409,0.044783705,-0.275314454,-0.086808562,0.073608356,0.026723272,0,0,0,0,0,0,0,1,0,0
$8,0.578906299,-0.109305938,0.245891282,0.295319121,0.00767041,0.051153212,-0.202230664,-0.049514046,0.002461116,0.075475316,1,0,0,0,0,0,0,0,0,0
$8,0.486815711,-0.06188224,0.175515671,0.22274211,-0.068162374,-0.084826879,-0.127305514,-0.071386937,0.061957807,0.099880437,1,0,0,1,0,0,1,1,0,0
$15,0.357028659,-0.106095192,0.111710443,0.108689358,-0.058785241,0.067979128,-0.249953549,-0.115628927,0.057153183,0.091271107,0,0,0,0,0,0,0,1,0,0
$23,0.564008485,-0.045532441,0.268715267,0.112094727,0.125784416,-0.091846609,-0.03601365,0.037393639,-0.015157134,0.096200832,0,0,0,0,0,0,0,0,0,0
$8,0.549020254,-0.054845653,0.267431065,0.19506239,0.080535973,-0.098039153,-0.031645812,-0.008378657,-0.004109886,0.083209846,0,0,0,0,0,0,1,0,0,0
$10,0.276416364,-0.031306104,0.058814181,0.017661961,-0.001888207,0.048229969,-0.002262868,0.0318503,-0.158352309,0.023395967,0,0,1,0,0,0,0,0,0,0
$10,0.276416364,-0.031306104,0.058814181,0.017661961,-0.001888207,0.048229969,-0.002262868,0.0318503,-0.158352309,0.023395967,0,0,1,0,0,0,0,0,0,0
$9,0.687709828,-0.111126377,0.023184254,0.174609805,0.255915969,-0.063351053,0.053688337,0.13990746,-0.014504153,-0.028041557,0,0,0,0,0,0,0,0,0,0
$9,0.612879538,-0.118727385,0.233680527,0.067081669,0.164806891,-0.121983458,0.098696866,0.023731537,-0.138399719,-0.011583153,0,0,0,0,0,0,0,0,0,0
$10,0.573485383,-0.141727668,0.249344509,0.091957756,-0.014534293,0.149914318,-0.044858052,0.10389102,-0.135818746,-0.015503915,0,0,1,0,0,0,0,0,0,0
$18,0.664310726,-0.120359502,0.290024999,0.277546332,0.018200861,-0.086316601,-0.134755949,0.019121803,0.130873762,0.084003437,0,0,0,1,0,0,0,0,0,0
$10,0.615242938,-0.116470276,0.324104547,0.286168518,0.013222637,0.095395582,-0.189961774,-0.041814577,0.080958419,0.133201776,0,0,0,0,0,0,0,0,0,0
$23,0.56001409,-0.039874156,0.109275687,0.055603473,0.225837226,-0.060129734,0.002262432,0.001720748,0.000601341,0.154052426,0,0,0,0,0,0,1,0,0,0
$15,0.492833791,0.035799659,0.015112952,-0.015984629,0.163949829,-0.141572134,-0.015620263,-0.01687993,0.004161626,0.046452629,0,0,0,0,0,0,1,0,0,0
$10,0.491143503,-0.095672639,0.159926164,-0.042489678,-0.155861937,0.074513598,-0.057144218,0.083050738,-0.103267958,0.044333147,0,0,1,0,0,0,0,0,0,0
$12,0.470725099,-0.10656979,0.304348404,-0.229405651,0.482768538,-0.17605142,0.148449104,-0.025907287,-0.047943677,-0.076778981,0,1,0,0,0,0,0,0,0,0
$19,0.518466161,-0.285245061,-0.045969236,-0.094899155,0.35757988,-0.056463989,0.257948294,0.014460855,0.020183713,-0.100329022,0,0,0,0,0,1,0,0,0,0
$18,0.578753054,-0.12003345,0.230658738,-0.096553178,0.293368923,-0.004332446,0.009031941,0.081943179,-0.138217781,-0.032453671,0,0,0,0,0,0,0,0,0,0
$23,0.629974233,-0.083985238,0.218758569,0.093817614,0.110493036,-0.163300869,0.045153699,-0.001014486,-0.149388553,-0.01982284,0,0,0,0,0,0,0,0,0,0
$12,0.358062056,-0.163323573,0.020638448,-0.099286701,0.32099144,-0.116333865,0.180337942,0.013811759,0.043184975,-0.087935114,0,1,0,0,0,1,0,0,0,0
$15,0.447892936,-0.062830461,0.2128838,0.116542044,-0.257401341,-0.371898947,0.051586644,-0.041584018,-0.071372796,-0.092663807,0,0,0,1,0,0,0,0,0,0
$9,0.367315562,-0.04586671,0.16436934,-0.144795885,0.309313713,-0.116065703,0.024635871,0.004768616,-0.012982229,-0.012318626,0,0,0,0,0,0,1,0,0,1
$19,0.626564647,-0.077402432,0.194303986,-0.125319558,0.436057246,-0.154614589,0.052165104,0.011306207,0.064329021,0.00750356,0,0,0,0,0,0,0,0,0,0
$19,0.409654607,-0.058783761,0.060315896,-0.122232272,0.27129125,-0.100411238,0.039622186,0.032054351,-0.030504027,-0.087579592,0,0,0,0,0,0,0,0,0,1
$19,0.637073433,-0.138973512,0.419856892,0.013035153,0.338341435,-0.068999402,-0.069029298,0.050810219,-0.012172381,0.022586014,0,0,0,0,0,0,0,0,0,0
$15,0.448940902,-0.060813532,0.178111334,-0.0516929,0.228776852,-0.083650684,0.124145235,-0.00442512,-0.020937897,0.008455453,0,1,0,0,0,0,1,0,0,0
$19,0.448763106,0.019150403,0.150100233,-0.020462907,0.184230579,-0.05504888,0.051271788,0.023115836,-0.030025116,-0.038130237,0,1,0,0,0,0,0,0,0,0
$12,0.479112661,-0.10471519,0.111718872,-0.001203795,0.017781876,0.117609021,-0.070506783,-0.056470397,-0.059699518,-0.065459133,0,0,1,0,0,0,0,0,0,0
$19,0.542198828,-0.058144392,0.227118764,-0.14343239,0.357851667,-0.122695668,0.030694373,-0.00206427,-0.003872543,-0.021247269,0,0,0,0,0,0,0,0,0,1
$12,0.597215001,-0.12084149,0.219729349,0.089177174,-0.064460756,0.143982647,-0.121054423,0.207316509,-0.082542749,0.002249282,0,0,1,0,0,0,0,0,0,0
$12,0.500554469,-0.019251716,0.2457428,-0.016555707,0.295914299,-0.086703377,0.045182555,-0.027825953,-0.032199979,0.033631695,0,0,0,0,0,0,1,0,0,0
$12,0.373828555,-0.083681838,0.181240275,-0.085810099,0.282880773,-0.082583302,0.109602205,0.027209181,-0.023293444,-0.027720619,0,0,0,0,0,0,1,0,0,0
$12,0.387984864,-0.052940041,0.181351239,-0.059872673,0.271265129,-0.105990186,0.092140799,0.014069083,-0.01558441,0.013224743,0,0,0,0,0,0,1,0,0,0
$19,0.500340998,-0.097927605,0.199203761,-0.261711619,0.36492919,-0.124344676,0.04993906,-0.017466108,0.01679293,-0.087692506,0,0,0,0,0,0,0,0,0,1
$12,0.766363391,0.02885419,0.210852296,0.058151863,-0.020344677,0.066559675,-0.114258273,-0.012022194,-0.131320965,0.014349553,0,0,0,0,0,0,0,0,0,0
$19,0.336889356,-0.06690691,0.181217502,-0.077534062,0.251849694,-0.087813756,0.015051676,0.013281527,0.088395975,0.004924656,0,1,0,0,0,0,0,0,0,1
$15,0,0,0,0,0,0,0,0,0,0,0,0,0,0,0,0,0,0,0,0
$16,0.579607824,-0.124640484,0.232339657,-0.132966213,0.385800151,-0.064942703,0.043964183,0.034829908,-0.117538501,-0.047410503,0,0,0,0,0,0,0,0,0,1
$10,0.754698225,-0.18433395,0.348790003,0.23253667,-0.062895093,0.126898174,-0.144366178,-0.0087354,0.003460911,0.092731518,0,0,0,0,0,0,0,0,0,0
$16,0.660216608,-0.141594613,0.221932152,-0.026340636,0.16794597,0.010473816,0.012786864,0.048580623,-0.095716122,-0.100424604,0,0,0,0,0,0,0,0,0,0
$9,0.568910062,-0.003519535,0.12982194,-0.040862569,0.352420285,-0.180978596,0.038182171,0.006055228,-0.056648193,-0.008560313,0,0,0,0,0,0,1,0,0,0
$12,0.533748446,-0.096562878,0.185202233,0.052170529,0.005031552,0.109954384,-0.12646148,-0.095060136,-0.037810117,-0.072880133,1,0,0,0,0,0,0,0,0,0
$18,0.698243091,-0.077013564,0.333052147,0.334638504,0.048963006,-0.059363972,-0.14526102,-0.038695042,0.132828165,0.221119326,0,0,0,0,0,0,0,0,0,0
$19,0.47159121,-0.089236406,0.152580039,-0.071975623,0.378724389,-0.150032008,0.022408117,-0.00572381,-0.033686243,-0.029357698,0,0,0,0,0,0,1,0,0,1
$8,0.744302661,0.067714631,0.093272475,0.054207155,0.246516748,-0.144847993,0.028385552,-0.01411978,0.018169378,0.07197887,0,0,0,0,0,0,1,0,0,0
$19,0.649821921,-0.075403152,0.248375682,-0.14072388,0.375499331,-0.10443909,0.049605068,0.008946974,-0.021691943,0.034913676,0,0,0,0,0,0,1,0,0,1
$23,0.613563281,-0.119258732,0.171075073,0.19020275,0.098667553,-0.016562171,0.023601794,-0.063556383,-0.023790824,0.090318356,0,0,0,1,0,0,0,0,0,0
$19,0.712693872,-0.150516251,0.316539703,-0.022430153,0.079688418,-0.115193796,0.013515167,-0.134391565,0.059110979,0.018159205,0,0,0,1,0,0,0,0,0,1
$10,0.447752121,-0.052961406,0.166403858,0.118136536,-0.138123736,-0.12617188,0.009374529,0.006741726,0.016431731,0.117879223,0,0,0,1,0,0,0,0,0,0
$15,0.419464942,-0.118000858,0.168793292,-0.00764685,0.004672822,-0.049164537,0.092077471,-0.052175351,-0.159987949,-0.041102769,0,0,1,1,0,0,0,0,1,0
$9,0.547258119,-0.103322575,0.241318044,-0.205449543,0.402117348,-0.054625354,0.098279869,-0.016916399,-0.104277735,-0.056535442,0,0,0,0,0,0,0,0,0,1
$9,0.596332458,-0.099892862,0.370921019,-0.076908153,0.488183626,-0.205265295,0.062787268,0.035083519,0.025261823,-0.020114672,0,0,0,0,0,0,0,0,0,0
$18,0.639924237,-0.051971451,0.241337908,0.289338175,0.0503642,0.038356661,-0.208501546,0.024522315,0.101905948,0.088710681,1,0,0,0,0,0,0,0,0,0
$16,0.69062473,-0.040646747,0.238157572,0.227158202,-0.023701023,0.069608245,-0.236235434,-0.105317823,-9.64E-05,-0.014412438,0,0,0,0,0,0,0,0,0,0
$10,0.615034246,-0.166546942,0.305043741,0.382458048,-0.010253786,0.148269549,-0.309711976,0.047847335,0.050186832,0.000630265,0,0,0,0,0,0,0,0,0,0
$10,0.51511728,-0.115232993,0.143743333,0.263146534,0.010172024,0.079684913,-0.32903419,-0.126098922,0.169075883,-0.103754863,1,0,0,0,0,0,0,0,0,0
$10,0.595919003,-0.152721479,0.24905281,-0.011807641,-0.056052988,0.142033087,-0.055484154,0.047207082,-0.164093233,0.014714237,0,0,1,0,0,0,0,0,0,0
$15,0.363093052,-0.028719694,0.057191401,0.097777686,0.070334409,-0.074787967,-0.016832663,0.084078402,-0.001039772,0.046109025,0,0,0,0,0,0,1,0,0,0
$15,0.397391362,0.013481943,0.158768534,0.147497423,-0.029054782,-0.095891975,-0.067413255,0.049463369,0.088999234,0.206263655,0,0,0,1,0,0,0,0,0,0
$15,0.445071719,-0.224646732,-0.072582913,0.239141045,0.062775924,0.064713827,-0.222366705,-0.175243568,0.067838217,-0.220564266,1,0,0,0,0,1,0,0,0,0
$23,0.571792564,0.200590987,0.016160089,0.187056255,0.105219164,-0.090284061,-0.028223937,-0.079199184,0.026920529,0.022910315,0,0,0,1,0,0,0,0,0,0
$10,0.687174942,-0.212689014,0.097551733,0.294601508,0.064943846,0.101762773,-0.291571819,-0.073085795,0.069814104,-0.088281674,1,0,0,0,0,0,0,0,0,0
$19,0.528519076,-0.0982319,0.361562512,-0.118114816,0.525618276,-0.137247556,0.162318019,-0.03808134,-0.01980156,-0.049992696,0,1,0,0,0,0,0,0,0,0
$19,0.561437695,-0.162290203,0.23703791,-0.223281853,0.363458531,-0.088443108,0.056424722,-0.049610304,-0.029937791,-0.059210671,0,0,0,0,0,0,0,0,0,1
$19,0.550783974,-0.182248441,0.307960566,-0.208353959,0.34292418,-0.17466974,0.067230011,-0.085213944,-0.008453016,-0.104287643,0,0,0,0,0,0,0,0,0,1
$16,0.691503557,-0.12214867,0.271383669,0.133636786,0.06017893,0.055924989,-0.025815092,0.174207963,-0.085612676,-0.038180017,0,0,1,0,0,0,0,0,0,0
$9,0.469906986,-0.049262694,0.141474442,-0.114118672,0.331076497,-0.144633293,0.012667533,0.022029354,0.002775058,0.011808796,0,0,0,0,0,0,1,0,0,1
$19,0.617219685,-0.148697404,0.308300253,-0.054482253,0.301914361,-0.140721651,0.058047575,0.057862164,0.083013055,0.012924975,0,1,0,0,0,0,0,0,0,0
$8,0.489088963,-0.004598094,0.159638541,-0.036574589,0.346353885,-0.101288477,0.026697043,0.046096144,-0.015133495,0.01786373,0,0,0,0,0,0,0,0,0,0
$12,0.624595149,-0.161306248,0.313397542,0.01153237,0.058298328,0.161596322,-0.038751996,0.051213698,-0.083039625,-0.009083035,0,0,1,0,0,0,0,0,0,0
$19,0.559147132,-0.127044508,0.322706799,-0.136456564,0.426025514,-0.096084913,0.050462596,-0.070701601,0.074783246,-0.022420752,0,0,0,0,0,0,0,0,0,1
$16,0.751504161,-0.16212715,0.156976662,-0.101622523,-0.042045271,0.032747815,0.066360225,0.039738459,-0.157349088,0.024640679,0,0,0,0,0,0,0,0,0,0
$15,0.324909963,0.033073436,0.033682408,0.021721928,-0.010341509,-0.019025457,-0.035275167,-0.009524385,0.062797551,0.253380313,0,0,0,1,0,0,0,0,0,0
$10,0.581167792,-0.149721395,0.176155105,-0.12433487,0.02554538,0.10054308,-0.09130248,-0.012341738,-0.098439902,-0.073161198,0,0,0,0,0,0,0,0,0,0
$19,0.504238411,-0.192941114,0.045085898,-0.110060401,0.442076305,-0.13370929,0.072129449,-0.067029841,-0.039222983,-0.119210743,0,0,0,0,0,1,0,0,0,1
$15,0.401178143,0.026247828,0.154896714,0.163625069,-0.008754166,-0.097862265,-0.023449112,-0.004223518,0.051560809,0.213860378,0,0,0,1,0,0,1,0,0,0
$19,0.461110224,-0.053921054,0.237926046,-0.129009884,0.36650333,-0.158470848,0.039806657,0.015328332,0.016233229,-0.032913426,0,0,0,0,0,0,0,0,0,1
$10,0.563476368,-0.141790218,0.2639502,0.305705309,-0.017469928,0.145313377,-0.277280972,-0.113283414,0.197903508,0.063413324,1,0,0,0,0,0,0,0,0,0
$10,0.651551919,-0.136704991,0.279381829,0.142740154,-0.09452558,0.122725003,-0.119478019,0.066506119,-0.115696668,0.005945905,0,0,1,0,0,0,0,0,0,0
$10,0.653331627,-0.18730111,0.275986982,0.080360345,-0.154642112,0.1379068,-0.043103712,0.04388109,-0.101105998,0.06259214,0,0,1,0,0,0,0,0,0,0
$10,0.675713827,-0.117648757,0.266544244,0.154496712,-0.103822029,0.083986697,-0.135657855,0.01435556,-0.125537383,0.006311399,0,0,1,0,0,0,0,0,0,0
$16,0.542894857,-0.031547054,0.189161283,0.128684492,0.031043398,-0.054818428,-0.125326725,0.014541105,-0.010952175,0.077818486,0,0,0,0,0,0,1,0,0,0
$9,0.636081802,-0.106202476,0.326659263,-0.07753613,0.413331153,-0.169586734,0.092160677,0.017388911,-0.025407252,-0.034833496,0,1,0,0,0,0,0,0,0,0
$16,0.705844247,-0.030865646,0.310056271,0.229267717,-0.06624166,-0.08449193,-0.01459233,0.271144607,0.066222817,0.116266109,0,0,0,0,0,0,0,0,0,0
$19,0.595417431,-0.047135867,0.357472181,-0.066280848,0.423514579,-0.188114872,0.001235305,-0.067714281,0.074978522,0.055799731,0,0,0,0,0,0,0,0,0,0
$9,0.393555703,-0.061698743,0.187960337,-0.09579889,0.357708152,-0.114674269,0.059650177,-0.020434482,0.017654005,-0.051912322,0,1,0,0,0,0,0,0,0,0
$12,0.636462227,-0.139262268,0.262956709,-0.066418362,-0.078421558,0.110281544,-0.151705084,0.028887216,-0.09852795,-0.040601347,0,0,1,0,0,0,0,0,0,0
$19,0.510971341,-0.093423094,0.182830313,-0.123776338,0.441144133,-0.189972323,0.067075941,-0.016476384,-0.042861138,-0.078248238,0,0,0,0,0,0,1,0,0,1
$23,0.719383683,-0.112535886,0.27035536,-0.009863649,-0.011359295,-0.243554003,0.098328221,-0.058060711,-0.049752301,-0.007047319,0,0,0,1,0,0,0,0,0,0
$16,0.556290892,-0.127395396,0.289902377,-0.074113249,-0.233748726,0.018868164,0.083117794,0.041663338,-0.141609593,-0.007319866,0,0,1,1,0,0,0,0,0,0
$12,0.501501345,-0.18645439,0.071342507,0.006922087,0.100981167,0.096724777,-0.093073941,-0.081258738,-0.020551409,-0.074365331,0,0,0,0,0,1,0,0,0,0
$23,0.730980694,-0.043138614,0.285206338,0.147361418,0.06676943,-0.131431271,-0.096061018,0.050597674,0.147444398,0.17752649,0,0,0,0,0,0,0,0,0,0
$9,0.46944258,-0.101334017,0.266791082,-0.1355106,0.499165753,-0.2128604,0.11112112,-0.037113459,-0.001957114,-0.102629743,0,1,0,0,0,0,0,0,0,0
$19,0.579016581,-0.123032159,0.279465893,-0.169973716,0.434805526,-0.167080929,0.08066188,-0.03196621,0.010336738,-0.030419783,0,1,0,0,0,0,0,0,0,1
$19,0.553226186,-0.117678937,0.318745568,-0.153110275,0.511783833,-0.140028561,0.028874338,0.018206334,0.026678504,-0.010544756,0,1,0,0,0,0,0,0,0,0
$9,0.701286166,0.048249854,0.174698257,0.046873929,0.269635805,-0.06053436,0.012620706,0.09292556,-0.003673934,0.005899184,0,0,0,0,0,0,1,0,0,0
$16,0.723907757,-0.158116175,0.372403917,0.197103309,-0.015856993,0.145641439,-0.006347728,-0.067479445,-0.099853449,0.111650415,0,0,0,0,0,0,0,0,1,0
$10,0.646268391,-0.154537858,0.173392526,0.297756942,0.01017297,0.083651068,-0.267453794,-0.028204353,0.028365924,0.061374557,0,0,0,0,0,0,0,1,0,0
$19,0.526743863,-0.178398572,0.282866037,-0.162089236,0.503835085,-0.135544806,0.070487818,-0.052586852,0.049087123,-0.072992642,0,0,0,0,0,0,0,0,0,0
$9,0.650868495,-0.072587391,0.319675271,0.002757164,0.470399942,-0.169592651,0.074770106,-0.015301005,0.039828822,0.001773336,0,0,0,0,0,0,0,0,0,0
$10,0.608796827,-0.168207945,0.305637643,0.077767348,-0.018759285,0.08300818,0.08305674,-0.036672019,-0.193675173,-0.037092617,0,0,0,0,0,0,0,0,1,0
$12,0.523844161,-0.071750819,0.202660782,-0.100534189,0.433188013,-0.143223866,0.091547503,0.064838549,0.009905126,-0.0553905,0,1,0,0,0,0,0,0,0,0
$16,0.642097971,-0.111293487,0.312776347,0.129685891,-0.067378981,-0.114839122,0.111386257,-0.00576489,0.018947231,0.096416301,0,0,0,1,0,0,0,0,0,0
$9,0.516548157,-0.076150994,0.252974331,-0.120722344,0.502850227,-0.189813972,0.066678343,-0.011912227,0.0315157,-0.090522613,0,1,0,0,0,0,0,0,0,0
$23,0.506553549,-0.309004435,-0.153762016,-0.02702059,-0.013130302,0.121759819,0.102538097,0.020453778,-0.191213234,0.012155802,0,0,1,0,0,1,0,0,0,0
$10,0.715481496,-0.122904306,0.230599858,0.301811051,0.018768822,-0.014163798,-0.152286392,-0.087001032,0.12641043,0.160749805,0,0,0,0,0,0,0,1,0,0
$18,0.491705706,-0.046843658,0.225403875,0.140323088,0.117267947,-0.054549488,-0.094594191,-0.032922625,0.143291099,0.123971874,1,0,0,0,0,0,1,0,0,0
$15,0.702958316,-0.381006519,-0.595324513,-0.017012004,0.002510154,-0.052453332,0.000278155,0.014564798,-0.002179632,0.018439865,1,0,1,0,0,1,1,1,0,0
$10,0.662009176,-0.108796635,0.2776119,0.123432433,0.064232793,0.115715691,0.026657218,0.006360376,-0.154423691,0.049065302,0,0,1,0,0,0,0,0,0,0
$19,0.579112642,-0.08096104,0.247212156,-0.105171145,0.513006463,-0.139837089,0.101182241,0.020279841,0.025004063,-0.007517122,0,1,0,0,0,0,0,0,0,0
$12,0.553500574,-0.196175845,0.223283347,0.078583676,0.011611273,0.209219507,-0.053328212,-0.063501078,-0.213926529,-0.098899846,0,0,1,0,0,0,0,0,1,0
$9,0.566318126,0.127397687,0.060542765,0.10185041,0.183862046,-0.072707556,-0.075789372,0.088478782,0.001899306,0.023608646,0,0,0,0,0,0,0,0,0,0
$12,0.434426939,-0.083817786,0.193741794,-0.007851836,0.340059199,-0.095399682,0.077587613,0.029660874,-0.008584989,-0.032864658,0,1,0,0,0,0,0,0,0,0
$9,0.570148752,-0.021359188,0.155209621,0.038678254,0.211948879,-0.092418602,0.062702009,0.050943679,-0.123755804,0.01939936,0,0,0,0,0,0,1,0,0,0
$19,0.513431051,-0.171595035,0.057633738,-0.209597097,0.396440236,-0.084346095,0.124326093,-0.009115569,-0.001456662,-0.088394204,0,0,0,0,0,1,0,0,0,1
$8,0.520268019,-0.003106287,0.179056075,0.194785579,0.07567383,-0.099467208,-0.038484415,0.0342194,0.090471311,0.183610392,0,0,0,1,0,0,0,0,0,0
$12,0.527227309,-0.09518376,0.235219547,0.028601666,0.107477542,0.126779306,-0.020782475,0.077922143,-0.084052117,0.052737221,0,0,1,0,0,0,0,0,0,0
$15,0.484533137,-0.06974978,0.168492471,0.227719731,0.019413049,0.02606947,-0.154399134,-0.071406028,0.448569629,0.384319187,1,0,0,1,0,0,0,0,0,0
$15,0,0,0,0,0,0,0,0,0,0,0,0,0,0,0,0,0,0,0,0
$23,0.625209884,-0.03303987,0.260856362,0.076511255,-0.431939006,-0.533371574,0.102137872,-0.047788834,-0.05915199,-0.101696939,1,0,1,1,0,0,0,1,0,0
$15,0,0,0,0,0,0,0,0,0,0,0,0,0,0,0,0,0,0,0,0
$8,0.668924732,0.190807467,0.132035596,0.148508703,0.065046081,-0.102229133,-0.012319988,0.065615216,0.031973105,0.115753018,0,0,0,0,0,0,1,0,0,0
$18,0.647740962,-0.022704117,0.339884155,0.153066316,0.231445435,-0.12030728,-0.037116555,0.090308842,0.088730226,0.180279242,0,0,0,0,0,0,1,0,0,0
$10,0.50441953,-0.201361675,0.19964508,0.295559316,0.03899217,0.206619156,-0.382454561,-0.249660211,-0.108666697,-0.328784781,1,0,0,0,0,0,0,0,0,0
$16,0.424799985,-0.186161708,0.116785907,0.228109089,0.034955667,0.179526289,-0.343570929,-0.26028563,-0.092172862,-0.411460168,1,0,0,0,0,0,0,0,0,0
$10,0.412550548,-0.145537767,0.172141962,0.211688495,0.015905962,0.171106102,-0.337083753,-0.256120486,-0.003994655,-0.399339451,1,0,0,0,0,0,0,0,0,0
$19,0.662874451,-0.067078895,0.34795437,-0.074500842,0.440832724,-0.133943207,0.065314232,0.091055467,-0.047478096,0.044659718,0,0,0,0,0,0,0,0,0,0
$15,0,0,0,0,0,0,0,0,0,0,0,0,0,0,0,0,0,0,0,0
$10,0.624701908,-0.131862485,0.164796111,0.326958261,-0.022538356,0.055008302,-0.341997881,-0.075778331,0.120510096,0.089637884,0,0,0,0,0,0,0,1,0,0
$10,0.714270909,-0.202783809,0.425727576,0.061127915,-0.063963921,-0.005187373,0.051618641,-0.033927656,-0.110578941,0.056403873,0,0,0,0,0,0,0,0,0,0
$12,0.690664809,-0.225457451,0.210287694,-0.06217779,0.001434261,0.208415917,-0.10946695,0.060370184,-0.230281647,-0.062155709,0,0,1,0,0,0,0,0,0,0
$23,0.580435902,-0.153669598,0.221593955,-0.057962333,-0.108551616,0.089020584,0.031608916,-0.026918804,-0.266670319,-0.063421156,0,0,1,0,0,0,0,0,0,0
$8,0.408440441,-0.005491207,0.150345122,-0.103881895,0.307411162,-0.1288419,0.064902542,0.018582007,-0.028662769,-0.023073594,0,0,0,0,0,0,1,0,0,1
$8,0.704819986,-0.095765537,0.250804874,0.34262779,-0.00565502,-0.128091172,-0.151209269,-0.026294855,0.071718063,0.081269164,0,0,0,0,0,0,0,0,0,0
$15,0.463761621,-0.185757899,0.012327244,0.15679238,-0.098359005,-0.12103597,0.138855001,-0.032529924,0.048057235,0.061364856,0,0,0,1,0,1,0,0,0,0
$19,0.635258412,-0.06729626,0.315522704,-0.187123284,0.428297849,-0.152339164,0.007015172,-0.039077829,-0.045529139,-0.125029659,0,0,0,0,0,0,0,0,0,0
$15,0,0,0,0,0,0,0,0,0,0,0,0,0,0,0,0,0,0,0,0
$16,0.726215663,-0.157083332,0.276026739,0.151478661,0.013161278,0.017706024,0.005984605,0.103507148,-0.111669416,-0.00677354,0,0,0,0,0,0,0,0,0,0
$19,0.595738438,0.004314897,0.120098078,-0.116291253,0.317627049,-0.121041207,0.058554512,0.047283982,0.000459764,-0.023261051,0,0,0,0,0,0,1,0,0,0
$12,0.775784511,-0.137082749,0.278795816,0.192115729,0.08616587,0.220026442,-0.060002999,-0.023923539,-0.047825439,0.13938772,0,0,0,0,0,0,0,0,0,0
$19,0.539034997,-0.114534565,0.176639991,0.05304755,0.181468465,-0.08840732,-0.097341406,-0.048819111,0.053734986,0.051632017,0,0,0,0,0,0,0,1,0,0
$10,0.477184477,-0.155732972,0.200843248,0.189640176,-0.003986992,0.175764003,-0.30254297,-0.205345719,-0.090766035,-0.271760036,1,0,1,0,0,0,0,0,0,0
$8,0.54500543,-0.081646882,0.226671807,0.204245532,0.015949132,-0.088962279,-0.03279115,0.022963847,0.053297655,0.092065313,0,0,0,1,0,0,0,0,0,0
$12,0.457156647,-0.094371641,0.290907794,-0.131272304,0.459770612,-0.171156888,0.143894966,-0.029114601,0.02049112,-0.048106433,0,1,0,0,0,0,0,0,0,0
$15,0.33541865,-0.049059133,0.120723275,-0.138522139,0.352369508,-0.09534703,0.068653179,0.009616115,-0.056476364,-0.042032233,0,1,0,0,0,0,1,0,0,1
$15,0.419414926,-0.007550419,0.121228686,0.167076516,-0.020900106,0.015883286,-0.252796114,0.827171428,-0.025044563,-0.109801735,0,0,1,0,0,0,1,0,0,0
$10,0.628984824,-0.184700024,0.254345311,0.280315816,-0.023423228,0.166438731,-0.084629901,-0.132246965,0.184563482,-0.005673454,1,0,0,0,0,0,0,0,0,0
$19,0.484665286,-0.149278663,0.277552871,-0.245959717,0.385757055,-0.083205598,0.136363167,-0.042402247,-0.02255362,-0.092623034,0,0,0,0,0,0,0,0,0,1
$8,0.736129577,0.058769208,0.318508609,0.200177833,0.077485364,-0.153765196,-0.058156148,-0.00813063,0.137901816,0.185269546,0,0,0,0,0,0,0,0,0,0
$12,0.710307456,-0.213900276,0.322524378,-0.019790416,0.025332524,0.028498122,-0.022483871,-0.023585134,-0.048734873,-0.11752442,0,0,0,0,0,0,0,0,0,0
$9,0.515860917,-0.119732553,0.309207262,-0.149009479,0.485153137,-0.208840311,0.16497605,-0.004890873,-0.052511077,-0.035421486,0,0,0,0,0,0,0,0,0,0
$18,0.541520215,-0.107916481,0.278870454,-0.108236308,0.39751133,-0.138303411,0.058305602,-0.010053386,0.065660881,-0.044850485,0,1,0,0,0,0,0,0,0,1
$18,0.64479389,-0.106337279,0.327770959,-0.060881851,0.340483881,-0.047881195,0.056220678,-0.038837129,-0.049980303,-0.031752723,0,0,0,0,0,0,0,0,0,0
$10,0.562579801,-0.194627926,0.22223893,0.13388622,-0.04784698,0.146444792,-0.310479153,-0.189639111,0.059981167,-0.233199803,1,0,0,0,0,0,0,0,0,0
$8,0.684526814,-0.153087811,0.245814734,0.303222289,0.088349767,0.151593005,-0.165507265,0.112674811,-0.043014973,0.003857944,0,0,1,0,0,0,0,0,0,0
$8,0.726436901,-0.149031751,0.232625283,0.163700384,0.083018435,0.127473801,-0.119135802,0.132056021,-0.117401032,0.075870774,0,0,0,0,0,0,0,0,0,0
$12,0.664705823,-0.222054855,0.22920449,-0.037506016,-0.006618001,0.218852534,-0.179312923,0.030316637,-0.079888325,0.010765725,0,0,1,0,0,0,0,0,0,0
$23,0.514343462,-0.050559822,0.098195238,0.025949799,0.085877138,-0.114980273,0.026244209,-0.034434204,-0.051690592,0.058788484,0,0,0,0,0,0,1,0,0,0
$12,0.541226444,-0.194091824,0.245999638,0.048333157,-0.03467099,0.205606223,-0.118353057,0.065123124,-0.247421929,0.017341802,0,0,1,0,0,0,0,0,0,0
$16,0.592549609,-0.127486752,0.164558734,-0.040219391,0.188141516,-0.030684235,0.096844227,0.03257621,-0.101682454,0.029502755,0,0,0,0,0,0,0,0,0,0
$8,0.558490615,-0.196402455,0.194588083,0.126750261,0.07020376,0.175821215,-0.141956798,-0.105787356,-0.036484969,-0.091372633,1,0,0,0,0,0,0,0,1,0
$23,0.677428593,-0.156104073,0.289718396,0.171489192,-0.033602006,-0.112622339,0.073228717,-0.054034916,0.049496384,0.129557684,0,0,0,1,0,0,0,0,0,0
$12,0.750748143,-0.15291202,0.243662209,0.174089303,0.059027576,0.17035848,-0.136247721,0.089594803,-0.133827895,-0.048662082,0,0,0,0,0,0,0,0,0,0
$10,0.667897132,-0.160184038,0.294347702,0.237611792,-0.035601937,0.214482633,-0.17336391,0.004724688,0.040929658,0.073223524,0,0,0,0,0,0,0,0,0,0
$10,0.693330965,-0.129153715,0.248921872,0.242423149,-0.049403192,0.111425734,-0.158870422,0.101419765,0.070106114,0.104043282,0,0,0,0,0,0,0,0,0,0
$23,0.458197456,-0.077715342,0.209599416,0.097608921,-0.10117918,-0.131988746,0.057258481,-0.033595343,0.037517887,0.13699014,0,0,0,1,0,0,0,0,0,0
$10,0.612106195,-0.196047936,0.320366786,0.290390376,-0.053188771,0.275064672,-0.274593217,-0.113319026,0.055162952,-0.049815007,1,0,0,0,0,0,0,0,0,0
$19,0.545741255,-0.134791435,0.313234558,-0.180120769,0.347219532,-0.179492898,0.117192868,-0.019664162,0.000674441,-0.080414655,0,1,0,0,0,0,0,0,0,1
$10,0.68448774,-0.161474317,0.307634054,0.324511123,-0.074509307,0.132851505,-0.235447559,-0.038908843,-0.05842159,0.084632964,0,0,0,0,0,0,0,0,0,0
$10,0.394352071,-0.221187981,-0.063735186,0.076139701,0.064932255,0.083788592,-0.08390841,-0.101393821,-0.04153711,-0.145889792,1,0,0,0,0,1,0,0,0,0
$12,0.680127331,-0.06410206,0.191776283,-0.641976725,-0.195167217,0.11400578,-0.153714255,0.000480907,0.050779523,0.027450144,0,1,1,1,1,0,0,1,0,1
$15,0,0,0,0,0,0,0,0,0,0,0,0,0,0,0,0,0,0,0,0
$23,0.767301686,0.611616684,-0.180542308,0.030579744,0.004815203,0.03756001,0.013124272,-0.022836805,-0.00754392,-0.018484857,0,0,1,1,0,1,1,1,0,0
$10,0.675208546,-0.096453523,0.205085548,0.071312626,0.149265142,0.00829816,-0.042274419,-0.002023405,-0.194494119,-0.070747961,0,0,0,0,0,0,0,0,0,0
$23,0.452467942,0.060031862,0.085064254,-0.007379054,0.14442031,-0.01657145,-0.004713031,-0.093791143,-0.027046741,-0.01690632,0,0,0,0,0,0,0,0,0,0
$16,0.595339891,-0.170046431,0.185490599,0.118255418,-0.093445112,0.302034531,0.231640854,-0.001694282,-0.450479684,0.280762187,1,0,1,1,1,1,1,0,1,0
$19,0.534394403,-0.078925189,0.290138499,-0.117497578,0.315644482,-0.154230311,0.055376946,-0.024522804,0.018594878,-0.011160848,0,0,0,0,0,0,0,0,0,0
$9,0.460507404,-0.109557402,0.291125547,-0.108486156,0.440771686,-0.169189605,0.086744611,-0.009121412,0.017442818,-0.034814655,0,1,0,0,0,0,0,0,0,0
$9,0.540327371,0.274804614,0.019718358,0.043657349,0.178517091,0.029917465,-0.007328634,-0.002813868,-0.05931607,-0.012377205,0,0,0,0,0,0,0,0,0,0
$18,0.508166035,-0.16919597,0.144680172,0.275259256,-0.077686442,0.192326556,-0.198146485,-0.108879542,-0.050859377,0.021897161,1,0,1,1,0,0,0,1,1,0
$15,0.378624093,0.040140742,0.123614575,0.065996526,0.13490754,-0.089713588,-0.028128375,0.016221447,0.040148624,0.065490408,0,0,0,0,0,0,0,0,0,0
$23,0.452307187,-0.066041511,0.230651728,0.115876462,-0.026532471,-0.101031371,0.038450056,0.00551129,-0.044357817,0.071975266,0,0,0,1,0,0,0,0,0,0
$18,0.401399012,-0.074734355,0.166744699,-0.153338322,0.361173482,-0.088295675,0.062620205,0.013313391,0.010049933,-0.007790973,0,0,0,0,0,0,0,0,0,1
$16,0.554544816,-0.155189583,0.230664369,-0.088726941,-0.14108368,0.045148979,0.076633359,-0.021114817,-0.154430453,-0.02635214,0,0,1,0,0,0,0,0,0,0
$23,0.529163798,0.094960049,0.177856572,0.016201432,0.164203372,-0.157045413,0.008550754,-0.085689136,0.037292425,0.054186803,0,0,0,0,0,0,0,0,0,0
$19,0.662360957,0.015283206,0.26285108,0.003188582,0.210480872,-0.123112486,0.032646409,-0.120337768,-0.032145494,0.053328745,0,0,0,0,0,0,0,0,0,0
$10,0.604474374,-0.217833779,0.32465395,0.14255378,-0.007855733,0.145541631,0.033208901,-0.014604088,-0.26389366,0.017830965,0,0,1,0,0,0,0,0,1,0
$8,0.359311842,0.018105874,0.084955401,0.074879131,0.077750867,-0.067149894,3.97E-05,0.07884445,0.01503434,-0.012640344,0,0,0,0,0,0,1,0,0,0
$23,0.715495013,0.05650334,0.224157846,0.154821384,-0.012191571,-0.041991227,0.033317629,0.002018991,0.002270162,0.10228717,0,0,0,1,0,0,0,0,0,0
$10,0.423599732,-0.115941525,0.146464176,0.106984927,-0.04543089,0.098539892,-0.267955703,-0.18424221,-0.029409789,-0.178244423,1,0,0,0,0,0,0,1,0,0
$9,0.351942314,-0.062537154,0.140109724,-0.111206624,0.371444346,-0.106126991,0.093601457,0.00936761,-0.00744856,-0.036188643,0,1,0,0,0,0,0,0,0,0
$23,0.385234158,-0.079393819,0.108948313,0.003390587,0.070338594,-0.007384778,0.093708687,0.029114816,-0.220444223,0.061254353,0,0,0,0,0,0,0,0,0,0
$19,0.636879839,-0.038106056,0.262996859,0.064808556,0.281825805,-0.129857995,0.063390472,-0.007671542,0.029903459,0.151444157,0,0,0,0,0,0,1,0,0,0
$16,0.726699603,-0.154550486,0.315077541,0.230595756,0.019102412,0.207003978,-0.085650357,0.07066015,-0.092744468,0.087466611,0,0,1,0,0,0,0,0,0,0
$9,0.652425519,0.001076938,0.261150278,0.069221272,0.311986615,-0.156582277,0.019363508,0.102765029,-0.078925716,-0.020186782,0,0,0,0,0,0,0,0,0,0
$19,0.591202178,-0.000673057,0.22164181,-0.054791842,0.314792249,-0.128199503,-0.012630692,-0.030093093,0.103871197,0.088745141,0,0,0,0,0,0,0,0,0,0
$15,0.379060277,0.12199825,-0.010906356,-0.069023517,0.069376118,0.057375255,0.000776636,-0.001434874,-0.080171951,-0.03058849,0,0,0,0,0,0,0,0,0,0
$18,0.445481777,-0.069422095,0.20820341,-0.172777174,0.368610159,-0.152435103,0.081101559,-0.020633284,0.010089396,0.003726579,0,0,0,0,0,0,0,0,0,1
$12,0.763591612,-0.205634108,0.265943407,-0.083741113,0.083870732,0.017463893,-0.064746677,-0.004838912,-0.111386017,0.036005373,0,0,0,0,0,0,0,0,0,0
$8,0.650192633,-0.050368572,0.281545864,0.200468554,0.055493659,-0.168312308,-0.06797014,-0.102865141,0.133494936,0.077377922,0,0,0,1,0,0,0,0,0,0
$19,0.561758653,-0.064397993,0.331897949,-0.146923788,0.289381161,-0.133613298,-0.003775113,-0.086698449,0.060485564,0.059230408,0,0,0,0,0,0,1,0,0,1
$19,0.57651948,-0.141766523,0.313897034,-0.040781904,0.368666124,-0.18575403,0.08675609,-0.079080053,0.04446416,-0.026230071,0,0,0,0,0,0,0,0,0,0
$9,0.402338775,-0.073154957,0.160387729,-0.120578079,0.413112358,-0.140489237,0.049824129,-0.002876067,-0.022410452,-0.064879725,0,1,0,0,0,0,0,0,0,0
$12,0.464020106,-0.052045968,0.248419816,-0.050633483,0.435715708,-0.147455073,0.049081433,0.04168086,0.04061293,-0.042267971,0,1,0,0,0,0,0,0,0,0
$19,0.476047779,-0.057395263,0.193240623,-0.216590277,0.308475297,-0.116017316,0.031497153,0.023000202,0.042960185,-0.035174324,0,0,0,0,0,0,0,0,0,1
$19,0.464089806,-0.05692237,0.157617504,-0.089092054,0.192026336,-0.067013061,0.0013316,0.001100627,0.006944105,-0.049752054,0,0,0,0,0,0,0,0,0,1
$9,0.492269468,-0.097408162,0.301845086,-0.158517569,0.443049498,-0.190336008,0.095052803,-0.03640925,0.033551045,-0.082233867,0,1,0,0,0,0,0,0,0,0
$19,0.44018828,-0.13154544,0.251207772,-0.246694764,0.442861125,-0.156703482,0.101175894,-0.084255692,-0.008995113,-0.111993047,0,0,0,0,0,0,0,0,0,1
$12,0.574538347,-0.170215399,0.211337045,0.161449225,0.153819142,0.138494058,-0.131413003,0.052677479,-0.247847722,-0.076720306,0,0,1,0,0,0,0,0,1,0
$16,0.625027076,-0.19486556,0.17773905,0.098738417,-0.149144581,0.332069713,0.512097367,0.073749106,0.289095362,-0.182828508,1,0,1,1,0,1,0,1,1,0
$18,0.566756369,-0.20094289,0.365719781,0.249616981,-0.051204975,0.398836264,0.271773821,-0.028814181,-0.018993118,-0.014983305,0,0,0,0,0,0,0,0,1,0
$16,0.589365468,-0.090337394,0.273052662,0.038822257,-0.03955249,-0.083417506,0.05236898,0.003847961,-0.054045325,-0.015420934,0,0,0,1,0,0,0,0,0,0
$19,0.697953272,-0.090068299,0.205283929,-0.057487965,0.471490646,-0.176606033,0.084624726,0.010696458,-0.007943194,-0.00817085,0,0,0,0,0,0,1,0,0,0
$19,0.629340168,-0.034439591,0.133205197,-0.156114067,0.386584259,-0.089347047,0.038856749,0.010279403,-0.01659622,-0.016688168,0,0,0,0,0,0,0,0,0,0
$9,0.445654372,-0.049674355,0.222271783,-0.12332485,0.487425226,-0.194218177,0.065621348,0.009839534,-0.010626594,-0.073277681,0,1,0,0,0,0,0,0,0,0
$19,0.563609805,-0.078024156,0.223086254,-0.109905293,0.424544297,-0.149250261,0.107322903,0.001302494,0.011783922,0.042874553,0,0,0,0,0,0,0,0,0,1
$10,0.614903821,-0.164048592,0.330609593,0.276651316,-0.03130987,0.170734701,-0.149617437,-0.043004277,0.11742537,0.105657162,1,0,0,0,0,0,0,0,1,0
$10,0.631729905,-0.18947408,0.276564148,0.268173065,-0.062366034,0.169308373,-0.126509382,-0.104935153,0.011289721,0.064850491,1,0,0,0,0,0,0,0,1,0
$19,0.508506215,-0.085068013,0.255692486,-0.036308828,0.148555573,-0.082290863,0.050872254,-0.048144357,0.020327318,-0.055338429,0,0,0,0,0,0,0,0,0,0
$23,0.241347671,-0.070886687,0.09300672,-0.008886223,0.084268278,0.100305422,0.021433782,-0.033310863,-0.24443173,-0.027905707,0,0,0,0,1,0,0,0,0,0
$23,0.241347671,-0.070886687,0.09300672,-0.008886223,0.084268278,0.100305422,0.021433782,-0.033310863,-0.24443173,-0.027905707,0,0,0,0,1,0,0,0,0,0
$23,0.240939152,-0.070893639,0.09315874,-0.008774754,0.084499882,0.100465786,0.02126599,-0.033484295,-0.245164916,-0.028284451,0,0,0,0,1,0,0,0,0,0
$18,0.335415511,-0.142917,0.187377086,0.119458625,-0.03325876,0.183442286,-0.007204127,-0.081212288,-0.173937499,-0.043541389,0,0,0,0,0,0,0,0,1,0
$18,0.335415511,-0.142917,0.187377086,0.119458625,-0.03325876,0.183442286,-0.007204127,-0.081212288,-0.173937499,-0.043541389,0,0,0,0,0,0,0,0,1,0
$8,0.48510467,0.005532688,0.189582864,-0.080372196,-0.033907973,0.160707993,-0.144050002,-0.090194605,0.22688982,0.27328729,0,0,0,0,0,0,0,0,0,0
$8,0.48510467,0.005532688,0.189582864,-0.080372196,-0.033907973,0.160707993,-0.144050002,-0.090194605,0.22688982,0.27328729,0,0,0,0,0,0,0,0,0,0
$19,0.534242736,-0.135916064,0.354229324,-0.086357423,0.520047575,-0.182129293,0.072900092,-0.045145827,0.054136863,-0.010112886,0,0,0,0,0,0,0,0,0,0
$9,0.387359349,-0.069660399,0.156637183,-0.114207485,0.254101585,-0.08103396,0.139123134,-0.015783424,0.001248266,-0.018185166,0,1,0,0,0,0,1,0,0,1
$19,0.642446032,-0.080109441,0.355946673,-0.167212871,0.480054398,-0.138682459,0.09443049,0.062293065,-0.002188118,0.015212819,0,0,0,0,0,0,0,0,0,0
$9,0.531895606,-0.048760388,0.274004491,-0.121326412,0.469148861,-0.195736797,0.069792486,-0.01555201,0.003870997,-0.05592102,0,1,0,0,0,0,0,0,0,0
$19,0.61457705,-0.129226901,0.170129942,0.000844035,0.32321069,-0.066152892,-0.038255727,0.047080835,-0.004914404,0.007044119,0,0,0,0,0,0,0,0,0,0
$10,0.344592935,-0.057790363,0.176588008,-0.142170406,0.194917089,-0.071710249,0.047792103,-0.049827471,-0.026121372,-0.072912978,0,0,0,0,0,0,0,0,0,1
$19,0.324091912,-0.07192767,0.153202493,-0.134290385,0.233401765,-0.047276192,0.043871098,-0.017791402,-0.010850417,-0.091095358,0,0,0,0,0,0,0,0,0,1
$19,0.46515988,-0.0964231,0.247326955,-0.175515678,0.366280781,-0.098933805,0.053155591,-0.007393955,0.039569077,-0.009057524,0,0,0,0,0,0,0,0,0,1
$15,0.38749491,-0.015487153,0.070405002,-0.06420795,0.249220517,-0.06879036,0.047481157,-0.004085964,-0.036742189,0.029223951,0,0,0,0,0,0,1,0,0,0
$9,0.691169122,-0.094118353,0.217711776,0.11124034,0.265159183,-0.11066914,0.009023391,-0.001041043,-0.066426079,0.091449261,0,0,0,0,0,0,1,0,0,0
